<?xml version="1.0" encoding="utf-8"?>
<!DOCTYPE hibernate-configuration PUBLIC
"-//Hibernate/Hibernate Configuration DTD 3.0//EN"
"http://hibernate.sourceforge.net/hibernate-configuration-3.0.dtd">

<hibernate-configuration>
	<session-factory name="Hibernate5Cart">
		<property name="hibernate.hbm2ddl.auto">update</property>
		<property name="hibernate.connection.driver_class">com.mysql.jdbc.Driver</property>
		<property name="hibernate.connection.url">jdbc:mysql://localhost:3306/hibernate5cartdb</property>
		<property name="hibernate.connection.username">root</property>
		<property name="hibernate.connection.password"></property>
		<property name="hibernate.dialect">org.hibernate.dialect.MySQL5InnoDBDialect</property>
		
		<mapping resource="cn/edu/chzu/xxxy/se15/javaee/hibernate/po/Customer.hbm.xml" />
		<mapping resource="cn/edu/chzu/xxxy/se15/javaee/hibernate/po/Address.hbm.xml" />
	</session-factory>
</hibernate-configuration>
